epoch,time,train/box_loss,train/seg_loss,train/cls_loss,train/dfl_loss,train/sem_loss,metrics/precision(B),metrics/recall(B),metrics/mAP50(B),metrics/mAP50-95(B),metrics/precision(M),metrics/recall(M),metrics/mAP50(M),metrics/mAP50-95(M),val/box_loss,val/seg_loss,val/cls_loss,val/dfl_loss,val/sem_loss,lr/pg0,lr/pg1,lr/pg2
1,26.3083,0.49071,1.0787,2.03167,0.93279,0,1,0.39279,0.91415,0.84348,1,0.39279,0.90465,0.73168,0.40916,1.12532,2.54451,0.88041,0,0.00053344,0.00053344,0.00053344
2,50.1121,0.50972,0.68613,1.13242,0.91584,0,0.98188,0.77741,0.87969,0.75008,0.95958,0.75376,0.84528,0.61351,0.675,1.9643,2.26062,0.99787,0,0.00107114,0.00107114,0.00107114
3,77.503,0.50932,0.71094,1.06232,0.91393,0,0.96639,0.83243,0.91875,0.71819,0.97427,0.83794,0.90817,0.50672,0.78717,3.17017,1.84088,1.00424,0,0.0015905,0.0015905,0.0015905
4,105.878,0.53579,0.68931,0.97794,0.91545,0,0.96253,0.91735,0.94343,0.79264,0.93748,0.88713,0.90202,0.67588,0.61154,1.91917,1.33283,0.95834,0,0.00158448,0.00158448,0.00158448
5,133.944,0.53924,0.7657,0.91088,0.92153,0,0.97447,0.90063,0.93758,0.83688,0.97447,0.90063,0.93753,0.7974,0.50041,0.91752,1.11931,0.88325,0,0.00155698,0.00155698,0.00155698
6,161.808,0.53591,0.67982,0.86008,0.91098,0,0.98842,0.93895,0.9527,0.89684,0.98842,0.93895,0.95475,0.85608,0.40594,0.77636,0.8526,0.83309,0,0.00152947,0.00152947,0.00152947
7,188.965,0.49443,0.63417,0.78048,0.90073,0,0.97755,0.94444,0.955,0.90001,0.97755,0.94444,0.95649,0.85427,0.38986,0.71782,0.91648,0.82391,0,0.00150197,0.00150197,0.00150197
8,216.145,0.49878,0.58171,0.71767,0.90314,0,0.98784,0.93437,0.95695,0.89119,0.98784,0.93437,0.95733,0.85747,0.39575,0.74395,0.77894,0.80902,0,0.00147446,0.00147446,0.00147446
9,246.294,0.47776,0.60155,0.70203,0.89367,0,0.98844,0.95559,0.96541,0.9124,0.98844,0.95559,0.96551,0.90131,0.34732,0.51454,0.60275,0.79491,0,0.00144696,0.00144696,0.00144696
10,274.978,0.45147,0.55505,0.63373,0.88823,0,0.94039,0.95247,0.96763,0.93001,0.94039,0.95247,0.96248,0.90077,0.32883,0.59105,0.68836,0.79467,0,0.00141945,0.00141945,0.00141945
11,302.957,0.44955,0.54268,0.66705,0.89256,0,0.99894,0.95565,0.96087,0.92144,0.99894,0.95565,0.96096,0.88344,0.31245,0.68336,0.57295,0.78152,0,0.00139195,0.00139195,0.00139195
12,330.797,0.43877,0.58084,0.60454,0.88989,0,0.9913,0.96296,0.97143,0.93679,0.9913,0.96296,0.96466,0.90492,0.31464,0.5597,0.54688,0.79678,0,0.00136444,0.00136444,0.00136444
13,359.259,0.45046,0.54177,0.55663,0.91654,0,0.98783,0.96296,0.96683,0.93362,0.98783,0.96296,0.96678,0.89077,0.30111,0.59195,0.51034,0.79085,0,0.00133693,0.00133693,0.00133693
14,387.026,0.42687,0.55316,0.54419,0.87754,0,0.99806,0.95539,0.96151,0.93231,0.99806,0.95539,0.96168,0.90775,0.3052,0.50397,0.45827,0.7831,0,0.00130943,0.00130943,0.00130943
15,415.516,0.39447,0.51448,0.49617,0.86369,0,0.98282,0.96141,0.96575,0.94157,0.98282,0.96141,0.96607,0.90255,0.27174,0.49485,0.41847,0.7761,0,0.00128192,0.00128192,0.00128192
16,444.665,0.38486,0.50672,0.48754,0.88125,0,0.99557,0.96215,0.97756,0.93676,0.99557,0.96215,0.96463,0.90539,0.29507,0.54731,0.40803,0.78693,0,0.00125442,0.00125442,0.00125442
17,474.889,0.36585,0.52583,0.47183,0.86536,0,0.99102,0.95679,0.97693,0.94595,0.99102,0.95679,0.9733,0.90607,0.27834,0.52764,0.3874,0.77826,0,0.00122691,0.00122691,0.00122691
18,504.103,0.37859,0.53025,0.46441,0.87722,0,0.99893,0.95679,0.97945,0.95465,0.99893,0.95679,0.97524,0.9147,0.25856,0.561,0.33979,0.76496,0,0.00119941,0.00119941,0.00119941
19,532.304,0.3729,0.49508,0.44055,0.87059,0,0.99114,0.95625,0.98264,0.95341,0.99114,0.95625,0.98087,0.91634,0.2407,0.55371,0.35301,0.77404,0,0.0011719,0.0011719,0.0011719
20,561.629,0.37337,0.50564,0.4476,0.86999,0,0.99757,0.95062,0.97736,0.94248,0.99757,0.95062,0.97778,0.89336,0.28004,0.6079,0.34856,0.78393,0,0.0011444,0.0011444,0.0011444
21,590.373,0.3716,0.4861,0.42689,0.86407,0,0.99303,0.94253,0.96688,0.93521,0.98915,0.95679,0.97384,0.88919,0.27491,0.52598,0.3448,0.78469,0,0.00111689,0.00111689,0.00111689
22,618.291,0.3597,0.48973,0.42032,0.87935,0,0.99966,0.95029,0.97273,0.94641,0.99966,0.95029,0.97305,0.90388,0.25891,0.51517,0.36318,0.78554,0,0.00108938,0.00108938,0.00108938
23,646.594,0.34882,0.48663,0.41396,0.86308,0,0.99006,0.96021,0.9829,0.95112,0.99006,0.96021,0.98343,0.91249,0.26443,0.43978,0.30994,0.78202,0,0.00106188,0.00106188,0.00106188
24,674.735,0.33852,0.44529,0.38746,0.86215,0,0.99192,0.95599,0.97867,0.95134,0.99192,0.95599,0.98035,0.91792,0.26995,0.49971,0.30807,0.77949,0,0.00103437,0.00103437,0.00103437
25,702.581,0.3244,0.44966,0.36838,0.85748,0,0.98097,0.96914,0.97732,0.9576,0.98097,0.96914,0.97727,0.91927,0.24975,0.49107,0.28334,0.77362,0,0.00100687,0.00100687,0.00100687
26,730.215,0.33148,0.43922,0.38586,0.8544,0,0.9978,0.95602,0.98175,0.96615,0.9978,0.95602,0.98008,0.92989,0.23167,0.44257,0.27437,0.75915,0,0.000979362,0.000979362,0.000979362
27,757.503,0.32794,0.42362,0.37675,0.84843,0,0.99687,0.96825,0.98601,0.96412,0.99687,0.96825,0.98476,0.93443,0.22828,0.42562,0.26786,0.77182,0,0.000951857,0.000951857,0.000951857
28,784.781,0.34445,0.45042,0.37313,0.85906,0,0.99815,0.96296,0.98341,0.96725,0.99815,0.96296,0.98558,0.93329,0.21527,0.44089,0.26506,0.76783,0,0.000924352,0.000924352,0.000924352
29,812.061,0.34271,0.77199,0.4356,0.85349,0,0.99173,0.96263,0.98733,0.96914,0.99173,0.96263,0.98276,0.92826,0.23187,0.43615,0.27516,0.76262,0,0.000896846,0.000896846,0.000896846
30,839.343,0.32216,0.44354,0.38397,0.85345,0,0.99113,0.96296,0.98344,0.96756,0.99113,0.96296,0.98198,0.93758,0.22036,0.42673,0.26064,0.76557,0,0.00086934,0.00086934,0.00086934
31,867.004,0.33413,0.43387,0.39721,0.85809,0,0.99118,0.96826,0.98535,0.97258,0.99192,0.96287,0.98593,0.93717,0.1962,0.39659,0.24112,0.76022,0,0.000841835,0.000841835,0.000841835
32,894.563,0.31841,0.44176,0.37204,0.85561,0,0.99783,0.96178,0.98711,0.96838,0.99745,0.96898,0.98599,0.93274,0.18714,0.38804,0.2432,0.75853,0,0.000814329,0.000814329,0.000814329
33,922.266,0.30506,0.40724,0.34708,0.84999,0,0.9982,0.95679,0.98129,0.96804,0.9982,0.95679,0.98532,0.94139,0.19554,0.36549,0.23926,0.75887,0,0.000786824,0.000786824,0.000786824
34,949.373,0.30574,0.40762,0.33227,0.85805,0,0.99752,0.956,0.98309,0.97351,0.99752,0.956,0.98061,0.93571,0.18486,0.41444,0.24216,0.75554,0,0.000759318,0.000759318,0.000759318
35,976.355,0.30226,0.43069,0.3362,0.84538,0,0.99821,0.96296,0.98334,0.97106,0.99821,0.96296,0.98563,0.93334,0.18614,0.39751,0.23377,0.75478,0,0.000731813,0.000731813,0.000731813
36,1003.61,0.28113,0.39318,0.32464,0.85576,0,0.99852,0.95679,0.98226,0.96714,0.99852,0.95679,0.98542,0.9383,0.21952,0.41974,0.2476,0.76328,0,0.000704307,0.000704307,0.000704307
37,1031.4,0.29499,0.37489,0.31943,0.84522,0,0.99815,0.95679,0.9829,0.97037,0.99815,0.95679,0.98436,0.93958,0.18829,0.37679,0.21904,0.75846,0,0.000676802,0.000676802,0.000676802
38,1058.36,0.27229,0.35936,0.30322,0.84954,0,0.99703,0.9623,0.98195,0.97183,0.99703,0.9623,0.98569,0.94071,0.18612,0.40217,0.20926,0.75342,0,0.000649297,0.000649297,0.000649297
39,1085.59,0.26995,0.3713,0.31152,0.84571,0,0.99682,0.96247,0.98132,0.96931,0.99682,0.96247,0.98367,0.94691,0.18182,0.43898,0.21482,0.7567,0,0.000621791,0.000621791,0.000621791
40,1112.78,0.2699,0.38154,0.30437,0.84563,0,0.9972,0.96228,0.98235,0.9717,0.9972,0.96228,0.98086,0.94781,0.18796,0.38806,0.22248,0.75873,0,0.000594286,0.000594286,0.000594286
41,1140.12,0.2668,0.36724,0.29663,0.84829,0,0.99846,0.96184,0.98527,0.96902,0.99846,0.96184,0.98274,0.94059,0.18479,0.39435,0.20147,0.75731,0,0.00056678,0.00056678,0.00056678
42,1167.36,0.26784,0.36897,0.30268,0.85447,0,0.9982,0.9623,0.98424,0.96858,0.9982,0.9623,0.98206,0.94262,0.18544,0.38542,0.20243,0.75578,0,0.000539275,0.000539275,0.000539275
43,1194.96,0.25994,0.34958,0.29408,0.84788,0,0.99771,0.96213,0.98158,0.97006,0.99771,0.96213,0.97987,0.93633,0.17809,0.37516,0.20996,0.75233,0,0.000511769,0.000511769,0.000511769
44,1222.2,0.24529,0.33777,0.2785,0.83825,0,0.99061,0.96296,0.98179,0.9728,0.99061,0.96296,0.97925,0.93448,0.18777,0.38485,0.21275,0.75777,0,0.000484263,0.000484263,0.000484263
45,1250.72,0.24198,0.36848,0.27478,0.83614,0,0.99144,0.9622,0.98313,0.97387,0.99144,0.9622,0.984,0.9436,0.16281,0.37002,0.19422,0.75674,0,0.000456758,0.000456758,0.000456758
46,1278.16,0.24952,0.34826,0.27551,0.84824,0,0.98922,0.96296,0.98281,0.9727,0.9872,0.96783,0.98702,0.94664,0.17613,0.36753,0.20645,0.75031,0,0.000429253,0.000429253,0.000429253
47,1305.55,0.24895,0.36381,0.27382,0.85409,0,0.9911,0.9686,0.98167,0.97434,0.99062,0.97287,0.98748,0.94386,0.15682,0.40486,0.19273,0.74669,0,0.000401747,0.000401747,0.000401747
48,1332.74,0.22882,0.32456,0.25976,0.82642,0,0.99897,0.96176,0.98479,0.97493,0.99897,0.96176,0.98684,0.94935,0.15328,0.41603,0.17872,0.74674,0,0.000374242,0.000374242,0.000374242
49,1362.63,0.24467,0.33938,0.25833,0.84221,0,0.9974,0.96914,0.98374,0.97567,0.9974,0.96914,0.98741,0.94952,0.15147,0.4042,0.17601,0.74639,0,0.000346736,0.000346736,0.000346736
50,1392.33,0.25874,0.33915,0.30985,0.85128,0,0.9905,0.96914,0.98101,0.96987,0.9905,0.96914,0.98636,0.94768,0.15985,0.39186,0.1796,0.75019,0,0.000319231,0.000319231,0.000319231
51,1419.84,0.17593,0.25445,0.20138,0.78136,0,0.99127,0.9627,0.98344,0.972,0.99127,0.9627,0.98731,0.94348,0.14231,0.39972,0.18867,0.74449,0,0.000291725,0.000291725,0.000291725
52,1447.17,0.16192,0.23293,0.18423,0.78536,0,0.99201,0.96296,0.98609,0.97719,0.99201,0.96296,0.98665,0.95458,0.15592,0.3712,0.18528,0.7472,0,0.00026422,0.00026422,0.00026422
53,1473.41,0.1627,0.24416,0.18581,0.76457,0,0.99942,0.96227,0.98302,0.97397,0.99942,0.96227,0.98723,0.95307,0.15428,0.38073,0.17753,0.74428,0,0.000236714,0.000236714,0.000236714
54,1499.21,0.17035,0.23372,0.1873,0.76659,0,0.99797,0.95679,0.98217,0.97505,0.99797,0.95679,0.98714,0.95433,0.14603,0.3816,0.17641,0.74255,0,0.000209209,0.000209209,0.000209209
55,1525.26,0.15988,0.23196,0.17769,0.77326,0,0.99112,0.95679,0.98515,0.97648,0.99112,0.95679,0.98744,0.94757,0.14186,0.39453,0.16812,0.74253,0,0.000181703,0.000181703,0.000181703
56,1551.03,0.16379,0.23039,0.18006,0.77502,0,0.99837,0.95679,0.98551,0.98007,0.99837,0.95679,0.98751,0.95018,0.13431,0.39163,0.15516,0.73974,0,0.000154198,0.000154198,0.000154198
57,1577.07,0.15838,0.242,0.18238,0.78287,0,0.98352,0.96914,0.98218,0.97756,0.98352,0.96914,0.98356,0.95015,0.12732,0.38799,0.15797,0.73764,0,0.000126692,0.000126692,0.000126692
58,1603.21,0.1364,0.22088,0.16125,0.7766,0,0.98365,0.96914,0.98215,0.978,0.98365,0.96914,0.98349,0.95118,0.12607,0.37117,0.15829,0.73765,0,9.91865e-05,9.91865e-05,9.91865e-05
59,1629.36,0.14764,0.22831,0.16086,0.77039,0,0.98914,0.96914,0.98441,0.97805,0.98914,0.96914,0.98766,0.95453,0.12524,0.36658,0.15186,0.73854,0,7.1681e-05,7.1681e-05,7.1681e-05
60,1655.56,0.14076,0.21754,0.15452,0.76882,0,0.99907,0.96106,0.98479,0.97923,0.99907,0.96106,0.98766,0.95278,0.12282,0.36628,0.14865,0.73871,0,4.41755e-05,4.41755e-05,4.41755e-05
